<?xml version="1.0" encoding="UTF-8"?>
<project-private xmlns="http://www.netbeans.org/ns/project-private/1">
    <editor-bookmarks xmlns="http://www.netbeans.org/ns/editor-bookmarks/2" lastBookmarkId="0"/>
    <open-files xmlns="http://www.netbeans.org/ns/projectui-open-files/2">
        <group>
            <file>file:/C:/Users/saqua/Documents/NetBeansProjects/SpringMajorProgram/src/springmajorprogram/AddBudget.java</file>
            <file>file:/C:/Users/saqua/Documents/NetBeansProjects/SpringMajorProgram/src/springmajorprogram/Tracker.java</file>
            <file>file:/C:/Users/saqua/Documents/NetBeansProjects/SpringMajorProgram/src/springmajorprogram/Budget.java</file>
            <file>file:/C:/Users/saqua/Documents/NetBeansProjects/SpringMajorProgram/src/springmajorprogram/NewGui.java</file>
            <file>file:/C:/Users/saqua/Documents/NetBeansProjects/SpringMajorProgram/src/springmajorprogram/Contact.java</file>
            <file>file:/C:/Users/saqua/Documents/NetBeansProjects/SpringMajorProgram/src/springmajorprogram/SpringMajorProgram.java</file>
            <file>file:/C:/Users/saqua/Documents/NetBeansProjects/SpringMajorProgram/src/springmajorprogram/BudgetCategory.java</file>
            <file>file:/C:/Users/saqua/Documents/NetBeansProjects/SpringMajorProgram/src/springmajorprogram/Client.java</file>
            <file>file:/C:/Users/saqua/Documents/NetBeansProjects/SpringMajorProgram/src/springmajorprogram/AddTrans.java</file>
        </group>
    </open-files>
</project-private>
